YEAR,STATECD,AREA_PCT,AREA_SE,N_PLOTS,AREA,TOTAL_EXPNS
2023,12,16.85535744570993,788334.7086415729,4099,15766694.172831455,22615611.173499364
2023,48,47.445852938556676,2219069.6799543663,9617,44381393.59908733,55486497.10640244
2023,1,24.30632146076252,1136820.5574184167,5600,22736411.148368333,33402444.684898514
2023,40,11.392468154970874,532832.2518573017,2595,10656645.037146034,15409742.741100134
